OE2_GLU_280	4.786
NZ_LYS_241	5.146
CD_GLU_280	5.275
OE1_GLU_280	5.451
CG_GLU_280	6.347
CE_LYS_241	6.418
NZ_LYS_278	6.636
CD_LYS_241	7.106
CD_LYS_103	7.272
N_GLY_161	7.307
CB_GLU_280	7.471
CE2_PHE_105	7.477
CE_LYS_278	7.53
CA_GLY_160	7.577
CD2_PHE_105	7.622
C_GLY_160	7.713
O_HIS_159	7.725
CE_LYS_103	7.742
CA_GLY_161	7.744
OG1_THR_309	7.934
CG2_THR_309	8.22
CZ_PHE_105	8.265
O_LYS_103	8.377
CD_LYS_278	8.386
O_GLY_347	8.405
CG_LYS_241	8.442
O_GLY_160	8.443
CG_LYS_103	8.472
CB_LYS_103	8.481
CG_PHE_105	8.547
C_HIS_159	8.659
N_GLY_160	8.674
NZ_LYS_103	8.703
CA_LYS_103	8.766
CB_THR_309	8.835
CA_GLU_280	8.864
C_LYS_103	9.045
CB_PHE_105	9.111
CE1_PHE_105	9.117
CD1_PHE_105	9.249
C_GLY_161	9.255
ND1_HIS_159	9.256
CB_LYS_241	9.335
O_SER_102	9.44
CG_LYS_278	9.48
C_GLY_347	9.489
OD1_ASN_281	9.511
N_GLU_280	9.588
C_GLU_280	9.673
O_GLU_280	9.755
CA_THR_309	9.792
CE1_HIS_159	9.811
OD2_ASP_293	9.846
O_GLY_161	9.863
CA_GLY_347	9.891
CE2_PHE_312	9.918
N_LYS_103	9.995
N_LEU_162	10.007
CA_HIS_159	10.066
C_SER_102	10.207
N_ARG_104	10.207
ND2_ASN_281	10.244
CG_ASN_281	10.254
N_PHE_105	10.258
CG_HIS_159	10.285
CB_LYS_278	10.31
CD_PRO_310	10.311
CD2_PHE_312	10.324
CB_HIS_159	10.359
N_ASN_281	10.36
CA_PHE_105	10.397
N_HIS_159	10.407
OG_SER_239	10.443
OD2_ASP_276	10.473
N_ARG_348	10.505
O_GLY_110	10.535
CA_ARG_348	10.544
N_THR_309	10.616
OD1_ASP_276	10.655
C_ARG_104	10.751
O_GLY_308	10.763
CA_LYS_241	10.768
O_PRO_310	10.77
CB_ARG_348	10.796
C_THR_309	10.82
CZ_PHE_312	10.83
CA_ARG_104	10.865
CE2_TYR_349	10.884
C_PRO_279	10.931
N_PRO_310	10.958
CG_ASP_293	10.991
C_GLY_308	11.035
NE2_HIS_159	11.038
CB_ALA_158	11.067
O_PHE_105	11.074
OH_TYR_349	11.081
O_ASN_346	11.083
CG_ASP_276	11.09
C_PHE_105	11.091
CA_GLY_110	11.134
CG1_VAL_99	11.138
CB_SER_239	11.155
N_GLY_347	11.246
CA_ASN_281	11.254
O_CYS_106	11.292
O_GLY_163	11.297
CZ_TYR_349	11.317
CD2_HIS_159	11.325
O_ARG_104	11.339
CG_PRO_310	11.361
N_GLY_163	11.364
CB_ASN_281	11.378
C_GLY_110	11.382
NH2_ARG_115	11.39
CD2_TYR_349	11.426
N_PRO_279	11.441
CD_PRO_279	11.449
CA_LEU_162	11.463
C_ALA_158	11.504
C_LYS_241	11.536
OG_SER_102	11.549
C_LYS_278	11.549
CG_PHE_312	11.568
O_THR_309	11.606
N_LYS_241	11.611
CB_PRO_279	11.612
CA_LYS_278	11.626
CA_SER_102	11.638
O_PRO_279	11.671
OD1_ASP_293	11.692
C_ASN_346	11.694
CA_PRO_279	11.701
CB_ASP_293	11.729
C_ARG_348	11.737
CB_SER_102	11.739
C_PRO_310	11.802
O_LYS_278	11.812
NZ_LYS_181	11.823
N_TYR_349	11.84
CA_TRP_107	11.848
NE2_HIS_185	11.861
N_CYS_106	11.87
CA_ALA_158	11.913
O_LYS_241	11.923
OG1_THR_344	11.93
C_CYS_106	11.954
CE1_PHE_312	11.999
CA_PRO_310	12.014
N_ARG_242	12.019
CB_PRO_310	12.024
CA_GLY_308	12.057
CA_GLY_163	12.06
C_LEU_162	12.067
CE1_PHE_137	12.107
C_GLY_163	12.111
CG_PRO_279	12.128
O_PRO_100	12.131
O_ASP_276	12.146
CG_ARG_348	12.15
O_ARG_242	12.163
CB_LEU_162	12.17
CG1_ILE_165	12.199
CB_PHE_312	12.218
CE1_TYR_349	12.227
N_TRP_107	12.252
CD_PRO_100	12.258
O_TRP_107	12.258
CE_LYS_181	12.26
O_ALA_158	12.27
CD1_ILE_292	12.274
CG_TYR_349	12.306
CD1_PHE_312	12.322
N_GLY_110	12.34
CB_ARG_104	12.374
CB_TRP_107	12.379
CD1_ILE_165	12.414
N_LYS_278	12.443
CB_VAL_99	12.504
CG2_VAL_99	12.511
CB_ASP_276	12.555
C_ARG_242	12.557
C_TRP_107	12.572
O_GLU_101	12.582
N_GLY_308	12.586
CZ_ARG_115	12.613
N_SER_102	12.615
CE1_HIS_185	12.621
CA_SER_239	12.652
N_ARG_111	12.662
C_ASN_281	12.665
CB_SER_243	12.678
CD1_TYR_349	12.685
CA_CYS_106	12.704
O_ARG_348	12.706
CD1_PHE_137	12.709
CD2_HIS_185	12.723
CG_LEU_162	12.727
OH_TYR_305	12.731
O_ARG_111	12.733
CG_PRO_100	12.743
CA_SER_243	12.803
CG_ARG_104	12.836
N_SER_243	12.843
N_PHE_312	12.867
CZ_PHE_137	12.883
N_GLY_311	12.886
C_ARG_111	12.888
C_LEU_240	12.913
CA_ARG_242	12.926
N_ILE_282	12.953
C_GLU_101	13.018
CA_GLY_311	13.025
N_PRO_112	13.032
CG1_ILE_292	13.036
C_ASP_276	13.07
N_PRO_100	13.091
CA_PRO_112	13.092
C_SER_239	13.101
CA_TYR_349	13.105
CB_TYR_349	13.11
N_SER_239	13.132
CB_THR_344	13.146
C_GLY_311	13.152
CG_PRO_112	13.156
C_LEU_277	13.159
O_LEU_277	13.159
NH1_ARG_115	13.174
C_PRO_100	13.185
CB_PRO_100	13.185
CA_ASP_293	13.185
CA_VAL_99	13.189
N_TRP_164	13.205
N_LEU_240	13.208
CA_ARG_111	13.222
CA_ASN_346	13.225
CA_ASP_276	13.254
O_LEU_162	13.269
CD1_LEU_162	13.28
N_ALA_158	13.29
CA_PHE_312	13.29
NE_ARG_115	13.367
CB_ALA_337	13.379
C_CYS_109	13.381
O_ARG_345	13.414
CD_PRO_112	13.417
CG2_THR_344	13.441
O_SER_239	13.451
CB_TYR_307	13.458
CD_LYS_181	13.479
O_LEU_240	13.497
CB_ILE_165	13.504
C_TYR_307	13.519
C_VAL_99	13.521
CD1_TYR_307	13.522
O_CYS_109	13.527
O_ASN_281	13.572
CA_PRO_100	13.596
CB_PRO_112	13.599
OD1_ASN_346	13.602
CA_TRP_164	13.636
O_GLY_311	13.653
OG_SER_243	13.69
N_ASN_108	13.695
SD_MET_283	13.756
CA_LEU_240	13.819
N_ASP_293	13.823
ND1_HIS_185	13.833
O_ASP_293	13.845
CZ3_TRP_164	13.853
CB_CYS_106	13.865
CG_ASN_346	13.865
CG_TRP_107	13.869
N_ILE_165	13.886
CG_HIS_185	13.896
CB_ASN_346	13.903
CD2_LEU_162	13.907
NZ_LYS_247	13.925
O_ILE_282	13.964
CG_PHE_137	13.965
OE1_GLN_246	13.971
O_ILE_157	13.984
N_ASN_346	13.989
CE3_TRP_164	13.994
C_TRP_164	13.997
CH2_TRP_164	13.997
CG_TYR_307	13.998
O_TYR_349	14.0
O_TYR_307	14.03
C_ARG_345	14.03
CZ_TYR_305	14.075
N_LEU_277	14.084
CE2_PHE_137	14.086
N_GLN_313	14.086
C_ASP_293	14.092
N_VAL_113	14.099
CA_LEU_277	14.128
CA_TYR_307	14.128
CA_GLU_101	14.148
N_GLU_101	14.15
C_SER_243	14.151
C_ILE_157	14.17
CG_LYS_181	14.173
C_TYR_349	14.178
CE1_TYR_307	14.221
OH_TYR_274	14.227
C_PRO_112	14.238
C_PHE_312	14.247
CG2_VAL_113	14.261
C_ILE_292	14.27
O_ILE_292	14.275
CA_ILE_282	14.335
O_VAL_99	14.339
CZ2_TRP_164	14.34
CD_ARG_104	14.344
CA_THR_344	14.345
N_LYS_244	14.36
CB_ARG_242	14.363
CG2_ILE_165	14.366
CD2_TRP_164	14.369
CB_ILE_292	14.376
ND2_ASN_346	14.381
O_ALA_337	14.387
N_CYS_109	14.43
CA_ILE_165	14.441
NH1_ARG_242	14.446
N_ARG_345	14.446
C_ILE_282	14.448
C_GLN_238	14.461
O_VAL_98	14.479
C_ASN_108	14.485
CE2_TRP_164	14.489
N_VAL_99	14.505
O_TRP_164	14.512
CA_CYS_109	14.577
CB_ALA_296	14.577
CD1_TRP_107	14.578
O_VAL_113	14.578
CB_LEU_240	14.602
CD2_PHE_137	14.619
CA_ASN_108	14.624
CB_GLN_313	14.634
CA_ALA_337	14.649
O_ASN_108	14.655
O_ASN_275	14.664
N_ASP_276	14.684
OG1_THR_334	14.698
CG_TRP_164	14.735
CE1_TYR_305	14.736
CD_ARG_115	14.744
CB_ARG_111	14.755
CE_MET_283	14.777
CB_PHE_137	14.796
CG_MET_283	14.803
C_THR_344	14.807
CG2_THR_95	14.835
C_ALA_337	14.845
CE2_TYR_305	14.872
CG1_ILE_282	14.884
CG2_ILE_157	14.899
CD2_TRP_107	14.914
CB_TRP_164	14.917
CB_GLN_238	14.93
NE1_TRP_164	14.964
CB_ILE_282	14.967
CA_GLN_238	14.969
CA_ILE_292	14.994
SG_CYS_106	14.996
NE_ARG_104	15.005
CA_ARG_345	15.024
C_VAL_98	15.034
CD2_LEU_338	15.035
CE3_TRP_107	15.048
OG1_THR_95	15.05
CG_ARG_242	15.073
N_ALA_296	15.075
CA_GLN_313	15.082
CD1_TRP_164	15.084
CA_GLY_295	15.087
O_SER_243	15.092
CD2_TYR_307	15.128
N_GLY_295	15.13
CD_GLN_246	15.179
CZ_TYR_274	15.183
CB_HIS_185	15.195
CE_LYS_247	15.211
C_ASN_275	15.232
O_PHE_312	15.243
CA_VAL_113	15.268
N_LEU_294	15.272
CA_PHE_137	15.275
CE2_TYR_274	15.277
N_MET_283	15.293
O_PRO_112	15.295
O_SER_136	15.308
CG_GLN_238	15.311
NE2_GLN_313	15.321
N_ILE_292	15.322
CD_ARG_242	15.326
CG2_THR_334	15.331
CZ_TYR_307	15.333
O_GLN_238	15.337
CB_VAL_113	15.347
OE1_GLN_313	15.348
CD1_ILE_282	15.367
N_VAL_350	15.372
CG_ARG_111	15.385
CB_LYS_181	15.394
CD_GLN_313	15.406
C_GLY_295	15.412
CG2_ILE_292	15.442
C_VAL_113	15.461
CB_THR_95	15.468
CB_GLU_101	15.498
CA_THR_334	15.517
CG1_VAL_113	15.53
CA_ALA_296	15.532
O_ARG_333	15.534
O_ILE_165	15.538
N_THR_344	15.546
CA_ILE_157	15.558
CB_LEU_277	15.558
N_TYR_307	15.558
CB_THR_334	15.576
CB_ILE_157	15.61
C_ILE_165	15.614
CD1_LEU_342	15.649
CA_LYS_244	15.659
O_THR_344	15.674
O_PRO_343	15.684
CA_MET_283	15.691
SG_CYS_109	15.693
N_LEU_338	15.705
CZ_ARG_242	15.72
NH2_ARG_333	15.723
CG_GLN_313	15.754
CG_ARG_115	15.76
CE2_TYR_307	15.764
CG_GLN_246	15.785
O_GLY_182	15.797
O_PHE_137	15.812
CB_LYS_244	15.818
CB_CYS_109	15.822
CG_LEU_338	15.824
N_ALA_337	15.84
CB_ARG_333	15.885
NE1_TRP_107	15.922
CG_LEU_240	15.922
O_THR_334	15.932
CG_LEU_277	15.952
C_ARG_333	15.973
CB_MET_283	15.981
N_THR_334	15.985
O_LEU_342	16.019
CA_HIS_185	16.048
CB_ASN_108	16.052
CE_MET_232	16.053
NE2_GLN_246	16.06
N_ILE_157	16.088
O_GLY_295	16.088
C_SER_136	16.106
CD1_TYR_305	16.111
C_PRO_343	16.113
CB_TYR_135	16.124
NE_ARG_242	16.124
OH_TYR_307	16.13
CE2_TRP_107	16.14
C_PHE_137	16.14
CA_LEU_338	16.142
CD1_LEU_277	16.144
N_PHE_137	16.155
CE1_TYR_274	16.201
C_LEU_294	16.228
CD2_TYR_305	16.233
CD_LYS_247	16.243
CB_ARG_345	16.244
NE_ARG_333	16.246
CB_LEU_342	16.257
O_ASN_96	16.277
CA_LEU_294	16.305
O_LEU_306	16.326
CZ_ARG_104	16.33
CA_LYS_181	16.343
CG2_THR_330	16.347
CZ3_TRP_107	16.355
N_GLY_182	16.358
CD2_TYR_274	16.367
N_GLN_238	16.38
C_THR_334	16.39
N_HIS_185	16.414
CG2_ILE_282	16.431
C_GLN_313	16.445
O_GLY_237	16.455
CB_THR_330	16.483
CA_VAL_98	16.484
C_LEU_306	16.504
CA_VAL_350	16.509
O_GLN_313	16.577
CG_GLU_101	16.581
O_THR_330	16.585
CZ_ARG_333	16.587
C_LEU_291	16.627
N_VAL_98	16.655
NH2_ARG_242	16.668
CG_LEU_342	16.678
N_GLY_114	16.683
CA_ASN_275	16.699
CD1_LEU_240	16.701
CB_LEU_338	16.709
CG_ARG_333	16.722
CA_ARG_333	16.73
N_SER_136	16.749
C_GLY_182	16.753
CD1_LEU_338	16.777
CD1_TYR_135	16.788
N_TYR_166	16.799
CG_TYR_135	16.805
CD_GLN_238	16.814
CG_TYR_305	16.831
CD_ARG_111	16.832
O_TYR_274	16.832
CB_CYS_156	16.84
C_LYS_181	16.841
O_LEU_183	16.848
CB_ASN_275	16.864
CD2_LEU_240	16.865
C_LEU_342	16.874
C_LYS_244	16.905
O_LYS_290	16.918
N_GLY_245	16.929
SD_MET_232	16.933
C_ALA_296	16.935
C_CYS_156	16.938
NH2_ARG_104	16.959
CA_GLY_182	16.972
C_GLY_237	16.978
CA_TYR_135	16.996
C_MET_283	16.996
CA_THR_95	17.008
CA_LEU_291	17.026
C_ALA_336	17.04
CD2_LEU_291	17.045
C_VAL_184	17.047
CG1_VAL_179	17.06
CG1_ILE_157	17.062
CG1_VAL_350	17.085
O_GLY_114	17.09
NH1_ARG_104	17.112
CG_ASN_108	17.114
CA_GLY_114	17.129
CA_THR_330	17.13
O_LEU_180	17.139
C_GLY_114	17.15
O_VAL_350	17.15
N_LEU_284	17.159
C_VAL_350	17.174
CB_ARG_115	17.191
O_LEU_294	17.202
OD1_ASN_108	17.203
O_LEU_340	17.221
CA_SER_136	17.222
CA_LEU_342	17.229
CD1_TYR_274	17.239
OD1_ASP_351	17.249
CD_ARG_333	17.255
C_LEU_338	17.29
CB_GLN_246	17.293
O_ALA_336	17.311
NE2_GLN_238	17.317
OG1_THR_330	17.322
O_CYS_156	17.325
CD2_LEU_277	17.326
C_HIS_185	17.333
CG_TYR_274	17.339
N_LEU_138	17.341
C_PRO_97	17.342
O_VAL_184	17.342
CD1_ILE_157	17.344
C_LEU_183	17.352
CZ2_TRP_107	17.381
N_LEU_342	17.389
O_GLN_246	17.418
C_THR_330	17.42
O_HIS_185	17.424
CA_PRO_343	17.426
N_ARG_115	17.436
CH2_TRP_107	17.458
N_VAL_297	17.476
SG_CYS_128	17.494
C_ASN_96	17.502
C_TYR_135	17.504
CG_LYS_247	17.51
N_GLN_246	17.515
CA_CYS_156	17.516
CB_VAL_98	17.521
CE1_TYR_135	17.532
N_ASN_275	17.538
CA_VAL_184	17.539
N_ALA_314	17.545
N_LYS_181	17.547
O_LEU_291	17.558
O_LEU_338	17.561
NE_ARG_111	17.562
CB_LEU_291	17.564
CA_PRO_97	17.574
CB_VAL_350	17.575
N_THR_95	17.578
C_TYR_274	17.578
CG1_VAL_98	17.589
CD2_TYR_135	17.59
SG_CYS_156	17.595
C_THR_95	17.597
OE1_GLN_238	17.601
N_PRO_343	17.602
O_ALA_296	17.611
ND2_ASN_275	17.641
CA_ARG_115	17.653
O_PRO_134	17.668
C_GLN_246	17.691
N_VAL_184	17.693
N_LEU_335	17.7
N_ASN_96	17.702
CB_LEU_294	17.708
N_LEU_183	17.709
O_LYS_181	17.756
CE2_TYR_166	17.785
CA_LEU_183	17.792
OH_TYR_166	17.804
CD2_LEU_294	17.84
C_LEU_180	17.844
O_PRO_97	17.874
NH1_ARG_333	17.876
N_ASP_351	17.876
CA_GLN_246	17.878
O_LYS_244	17.908
CG_ASN_275	17.909
N_ARG_333	17.913
O_SER_124	17.915
O_MET_283	17.915
CB_CYS_128	17.922
CD_GLU_101	17.935
CA_LEU_306	17.942
CZ_TYR_166	17.96
O_LEU_138	17.963
CD2_LEU_342	17.966
C_LYS_290	17.974
CE1_TYR_329	18.006
ND2_ASN_108	18.008
N_LYS_247	18.027
CG2_ILE_230	18.05
O_THR_95	18.059
CA_TYR_166	18.06
OD1_ASP_341	18.07
CG_LEU_294	18.078
OE1_GLU_101	18.081
CD2_TYR_166	18.081
CG_LEU_291	18.091
CA_LYS_247	18.1
N_THR_339	18.103
O_VAL_235	18.104
N_LEU_291	18.121
N_LEU_306	18.147
SG_CYS_131	18.156
CA_GLY_245	18.162
N_PRO_97	18.193
C_LEU_138	18.208
N_TYR_135	18.214
CG2_VAL_350	18.225
CA_ALA_336	18.23
CZ_TYR_135	18.246
CB_ALA_336	18.274
N_ALA_336	18.275
CB_SER_136	18.276
CG1_VAL_211	18.279
CB_LEU_284	18.305
CE2_TYR_135	18.308
CB_TYR_305	18.332
CA_ASN_96	18.333
CA_LEU_138	18.337
CB_SER_133	18.373
C_ASP_341	18.378
O_GLY_236	18.379
N_SER_186	18.407
CD1_TYR_329	18.407
CB_VAL_179	18.411
O_LEU_93	18.421
CD1_LEU_248	18.425
N_THR_330	18.43
C_LEU_335	18.432
CE1_TYR_166	18.433
C_GLY_245	18.434
CA_LEU_284	18.435
C_LEU_340	18.438
CG_MET_232	18.445
CB_VAL_235	18.458
C_PRO_134	18.46
CA_GLY_237	18.472
O_LEU_335	18.487
CG_ASP_351	18.492
CB_LYS_247	18.498
CG1_VAL_235	18.503
CG_LEU_248	18.507
CA_ASP_341	18.536
C_TYR_305	18.546
N_PRO_139	18.549
CG2_VAL_179	18.558
CB_TYR_274	18.559
CG_TYR_166	18.583
O_TYR_135	18.631
CB_ASN_96	18.635
CA_LEU_335	18.639
C_MET_94	18.64
CB_PRO_343	18.649
CB_PRO_97	18.651
N_VAL_331	18.659
CA_ASP_351	18.669
CA_PRO_139	18.673
CD_PRO_343	18.705
CG2_VAL_297	18.714
OG_SER_133	18.721
CD1_LEU_291	18.727
CD1_TYR_166	18.733
OG_SER_136	18.742
O_TYR_166	18.742
OH_TYR_329	18.748
CA_TYR_274	18.765
O_TYR_305	18.779
C_TYR_166	18.786
O_TYR_329	18.802
CZ_ARG_111	18.81
CG2_ILE_317	18.835
O_LEU_284	18.845
O_ALA_123	18.851
CA_VAL_297	18.858
CD2_LEU_248	18.863
CB_VAL_184	18.882
CA_TYR_305	18.882
C_SER_124	18.883
CA_CYS_128	18.89
OE2_GLU_101	18.918
CB_VAL_211	18.925
CB_LEU_306	18.927
CA_ALA_314	18.927
CG2_VAL_98	18.937
N_LEU_340	18.951
CD1_ILE_317	18.953
N_CYS_156	18.954
C_GLY_332	18.955
O_SER_133	18.96
CG2_VAL_235	18.963
O_GLY_332	18.98
O_ALA_314	18.984
O_VAL_331	18.985
CD2_TYR_130	18.989
CZ_TYR_329	19.009
CA_SER_124	19.012
N_LEU_248	19.025
OD1_ASN_275	19.049
CB_TYR_166	19.057
NH2_ARG_199	19.059
CB_PRO_139	19.063
C_GLY_236	19.083
CE1_TYR_234	19.093
C_VAL_235	19.096
OH_TYR_135	19.101
CD_PRO_139	19.109
N_ASP_341	19.112
C_ARG_115	19.117
C_TYR_329	19.119
CG_ASP_341	19.119
OD2_ASP_351	19.127
N_GLY_237	19.155
OD1_ASP_327	19.156
C_LYS_247	19.171
CA_MET_94	19.172
C_LEU_284	19.182
CA_VAL_331	19.189
CD2_LEU_257	19.193
CG2_VAL_211	19.219
CA_LEU_180	19.223
CG_GLN_140	19.237
O_MET_94	19.239
CG1_VAL_184	19.244
CB_LEU_183	19.25
O_ASP_341	19.256
N_LEU_180	19.268
CA_LYS_290	19.281
CB_CYS_131	19.297
C_ALA_314	19.304
C_VAL_331	19.314
N_LYS_290	19.336
OH_TYR_234	19.343
CA_LEU_340	19.351
CB_ASP_351	19.352
CE2_TYR_130	19.359
CA_THR_339	19.368
CA_VAL_235	19.405
CD1_LEU_257	19.408
C_LEU_93	19.415
CD1_ILE_230	19.426
CD2_LEU_284	19.442
C_SER_133	19.447
CB_VAL_297	19.453
CB_SER_124	19.455
CB_ILE_230	19.458
NH1_ARG_111	19.472
N_SER_116	19.479
N_VAL_235	19.48
NH2_ARG_111	19.481
N_CYS_128	19.484
CD_PRO_129	19.49
CG1_ILE_317	19.498
O_THR_326	19.509
CG_PRO_343	19.548
C_VAL_179	19.553
CD2_LEU_289	19.556
NE2_GLN_140	19.557
CB_ASP_341	19.558
CB_TYR_130	19.56
CB_LYS_290	19.572
C_THR_339	19.572
O_GLY_245	19.574
N_LEU_167	19.594
CD1_LEU_294	19.598
CA_VAL_179	19.604
CG_LEU_284	19.604
CD1_TYR_234	19.619
CE1_TYR_229	19.633
CZ_ARG_199	19.642
CA_SER_133	19.644
CD_PRO_97	19.646
CG_PRO_139	19.647
N_GLN_140	19.648
CB_LEU_248	19.651
CD1_ILE_260	19.675
CG2_ILE_260	19.682
CD2_LEU_183	19.685
CB_ILE_317	19.698
CB_MET_232	19.716
OD1_ASN_96	19.748
O_GLY_155	19.751
CA_SER_186	19.751
CB_LEU_340	19.753
CZ_TYR_234	19.754
CG1_ILE_260	19.754
CB_LEU_138	19.762
CG_TYR_329	19.762
C_ASP_351	19.77
NE_ARG_199	19.778
CD1_TYR_229	19.786
CG_TYR_130	19.788
C_PRO_139	19.797
O_VAL_179	19.819
CG_ASN_96	19.823
C_VAL_297	19.831
CG_LEU_183	19.832
N_MET_94	19.852
CA_PRO_134	19.852
C_ALA_123	19.86
O_GLY_352	19.888
CB_SER_186	19.89
O_GLU_233	19.894
CG_PRO_97	19.901
OD2_ASP_341	19.909
N_PRO_134	19.911
N_GLY_332	19.913
N_GLU_125	19.915
C_GLY_155	19.923
O_VAL_297	19.923
O_ASP_327	19.934
CB_ALA_314	19.939
O_ARG_115	19.967
N_TYR_274	19.971
CG_LEU_257	19.982
CA_GLU_125	19.986
O_ILE_230	20.002
N_SER_124	20.009
CD_GLN_140	20.032
N_GLY_236	20.037
CA_GLY_236	20.039
CD2_TYR_256	20.04
CD1_ILE_213	20.041
C_CYS_128	20.046
CG2_VAL_184	20.05
CG1_ILE_230	20.055
CB_LEU_335	20.055
N_PRO_315	20.06
CA_LEU_248	20.076
CB_MET_94	20.147
N_SER_133	20.147
CB_GLN_140	20.147
O_LYS_247	20.15
CA_GLY_332	20.178
N_CYS_131	20.18
N_VAL_211	20.202
NH1_ARG_199	20.215
N_PRO_129	20.235
N_ILE_230	20.236
N_GLY_352	20.238
CG_LEU_138	20.249
O_ASP_351	20.258
CD2_LEU_138	20.261
CB_LEU_180	20.276
CA_VAL_211	20.278
N_THR_285	20.286
O_VAL_273	20.29
CB_TYR_329	20.316
CD1_LEU_202	20.321
CE2_TYR_256	20.324
CE2_TYR_329	20.324
CG_ASP_327	20.328
CD2_LEU_264	20.335
N_TYR_305	20.34
C_TRP_127	20.346
CA_LEU_93	20.359
CA_ASP_327	20.394
O_GLY_228	20.395
O_GLY_126	20.4
CG_LEU_306	20.407
OG1_THR_339	20.409
C_THR_326	20.429
O_SER_116	20.44
O_THR_339	20.46
CB_ILE_260	20.472
CG_LYS_290	20.473
CA_TYR_329	20.474
CA_ILE_230	20.48
CA_CYS_131	20.501
N_TYR_130	20.512
CZ_TYR_130	20.514
C_LEU_289	20.52
CD_ARG_199	20.522
CB_THR_339	20.525
CG_MET_94	20.526
CA_LEU_167	20.53
CB_LEU_289	20.542
CA_PRO_315	20.548
N_SER_298	20.581
O_SER_186	20.588
CB_VAL_331	20.595
N_GLY_126	20.6
CD_PRO_134	20.601
CB_GLU_125	20.608
CG_PRO_129	20.609
CG2_VAL_331	20.611
CA_GLY_122	20.613
O_GLY_304	20.615
CG_LEU_340	20.616
C_VAL_273	20.619
CG2_THR_285	20.628
O_GLY_122	20.637
CG_PRO_322	20.65
C_ILE_230	20.651
CD_PRO_315	20.654
CB_LEU_167	20.663
CG_LEU_289	20.664
C_TYR_234	20.67
CA_TYR_130	20.671
CD2_TYR_329	20.671
CG_LEU_335	20.673
C_GLY_122	20.685
CG2_ILE_374	20.694
CG2_THR_339	20.697
CA_LEU_289	20.699
CA_GLN_140	20.702
CD1_LEU_289	20.702
CA_TYR_234	20.721
CB_TYR_256	20.722
C_ASP_327	20.736
CD1_LEU_284	20.738
O_ALA_92	20.74
O_TRP_127	20.745
OH_TYR_229	20.762
CZ_TYR_229	20.765
CG_TYR_234	20.774
OG_SER_124	20.796
O_PRO_139	20.801
CB_PRO_134	20.81
CB_THR_326	20.82
C_SER_186	20.822
C_GLU_125	20.827
O_SER_209	20.846
CE2_TYR_234	20.876
CG_TYR_256	20.876
CB_LEU_93	20.879
CG2_ILE_210	20.881
CA_SER_116	20.882
CG_PRO_134	20.882
O_CYS_128	20.89
N_VAL_179	20.892
CB_ALA_253	20.897
N_ALA_123	20.898
CG_ARG_199	20.898
N_ASP_327	20.902
CD2_LEU_306	20.903
CG1_VAL_297	20.915
CD1_TYR_130	20.919
C_TYR_130	20.925
C_GLY_126	20.937
CD1_LEU_264	20.94
OD2_ASP_327	20.964
CA_TYR_229	20.981
OH_TYR_130	20.987
CD2_LEU_353	20.988
OG1_THR_326	20.992
CA_TRP_127	21.007
ND2_ASN_96	21.019
CA_MET_232	21.029
OG_SER_298	21.032
CG_TYR_229	21.037
CD1_LEU_340	21.038
C_GLY_352	21.039
CB_SER_298	21.052
CD2_LEU_335	21.058
C_GLY_304	21.061
CB_ASP_327	21.077
OG_SER_116	21.082
C_GLU_233	21.084
CD_LYS_290	21.085
CG1_VAL_318	21.121
N_MET_232	21.123
CG1_VAL_273	21.131
CA_ALA_123	21.132
CD1_LEU_167	21.144
OE1_GLN_140	21.154
CA_THR_285	21.157
CB_PRO_322	21.173
CG1_VAL_331	21.19
N_TYR_329	21.195
C_CYS_131	21.202
C_SER_116	21.207
O_VAL_211	21.209
CA_ILE_317	21.214
CB_SER_116	21.22
CD_PRO_354	21.22
CA_THR_326	21.244
C_VAL_211	21.249
C_TYR_229	21.253
CG1_ILE_213	21.256
N_TRP_127	21.262
O_LEU_248	21.273
CE1_TYR_130	21.279
CD1_LEU_306	21.283
CG_LEU_264	21.291
CD1_LEU_183	21.301
N_GLY_132	21.311
O_ILE_328	21.313
CB_TYR_229	21.319
C_LEU_248	21.326
CA_ILE_210	21.346
CA_GLY_155	21.35
C_ILE_210	21.352
CD2_TYR_234	21.36
CA_GLY_352	21.362
C_MET_232	21.367
CD2_LEU_202	21.404
O_MET_232	21.404
CB_PRO_315	21.407
CB_TYR_234	21.411
CA_GLY_126	21.414
CA_ALA_253	21.418
C_PRO_315	21.435
C_GLY_132	21.452
CZ_TYR_256	21.452
CA_PRO_129	21.461
CB_LEU_257	21.462
O_PRO_315	21.464
N_LEU_141	21.478
CD1_LEU_267	21.481
CB_PRO_129	21.501
O_LEU_289	21.503
N_LEU_93	21.525
C_GLY_228	21.53
CD2_LEU_93	21.539
C_ILE_328	21.543
N_TYR_234	21.546
CA_SER_298	21.581
C_PRO_129	21.587
OE2_GLU_252	21.599
N_ILE_317	21.6
CD1_LEU_141	21.601
CG_LEU_202	21.623
C_ALA_92	21.626
CG_PRO_354	21.629
CG_LEU_167	21.635
N_GLY_122	21.639
O_LEU_141	21.643
O_GLN_288	21.65
N_VAL_231	21.654
CG_GLU_125	21.66
CB_THR_285	21.662
O_ALA_253	21.666
CB_ILE_374	21.669
CD1_LEU_138	21.682
O_GLU_125	21.694
CB_VAL_273	21.696
O_VAL_178	21.697
O_CYS_131	21.703
CG_LEU_180	21.709
CG2_THR_326	21.735
C_GLN_140	21.737
N_GLU_233	21.737
O_TYR_234	21.747
CA_LEU_257	21.755
N_LEU_257	21.769
CB_ARG_199	21.77
C_VAL_178	21.785
CB_ILE_210	21.786
CD_PRO_322	21.791
C_ILE_317	21.814
CG_PRO_315	21.826
C_VAL_231	21.84
SD_MET_94	21.842
C_TYR_256	21.847
N_TYR_229	21.869
O_TYR_130	21.871
OH_TYR_366	21.875
OH_TYR_256	21.877
C_LEU_167	21.882
CA_PRO_322	21.885
CA_VAL_273	21.887
N_VAL_318	21.89
CG_LEU_93	21.891
CA_ILE_260	21.891
CD2_LEU_340	21.892
CD1_ILE_374	21.909
O_TYR_256	21.94
CB_ALA_123	21.942
CD2_LEU_167	21.942
CD1_TYR_256	21.943
C_SER_209	21.951
N_ILE_328	21.954
CD1_LEU_335	21.958
CG1_ILE_210	21.961
CE2_TYR_229	21.97
CA_VAL_231	22.029
CA_TYR_256	22.029
N_GLY_187	22.046
CA_GLY_132	22.058
CG_LEU_141	22.06
OE1_GLU_125	22.068
N_LEU_289	22.068
OE1_GLN_192	22.089
CD2_TYR_229	22.089
CA_LEU_353	22.091
CB_LEU_141	22.094
CB_ALA_195	22.097
N_LEU_353	22.115
CG1_VAL_227	22.116
C_ALA_253	22.121
CE1_PHE_216	22.125
CB_VAL_227	22.144
CD1_LEU_93	22.16
CA_GLU_233	22.163
N_GLN_212	22.193
O_GLN_212	22.204
O_GLY_132	22.205
CD_GLU_252	22.216
N_GLU_316	22.235
CE1_TYR_256	22.236
N_PRO_322	22.25
O_LEU_167	22.268
N_ILE_210	22.277
CG2_VAL_227	22.292
CD1_LEU_180	22.317
CG_LEU_353	22.338
CB_TRP_127	22.348
NE2_GLN_192	22.348
O_ILE_317	22.351
N_GLY_155	22.369
CE_LYS_290	22.373
N_PRO_354	22.384
C_THR_285	22.386
CD2_LEU_370	22.39
N_ASP_117	22.394
CA_ILE_328	22.402
N_ALA_253	22.404
C_GLN_288	22.416
O_TYR_229	22.429
O_VAL_231	22.441
O_ILE_210	22.452
CB_PRO_354	22.456
CA_LEU_141	22.463
CD1_LEU_370	22.487
CB_VAL_318	22.516
CG1_ILE_374	22.526
N_PRO_249	22.532
CD_GLU_125	22.54
CB_LEU_202	22.545
CA_GLY_304	22.562
O_ILE_260	22.566
O_PHE_303	22.58
O_THR_285	22.582
CB_GLU_233	22.588
CA_ILE_374	22.605
C_LEU_141	22.606
C_ILE_260	22.606
CG_GLU_252	22.609
CD2_LEU_180	22.61
CB_ILE_213	22.611
CA_VAL_318	22.614
CZ_PHE_216	22.63
OE1_GLU_252	22.632
CD1_ILE_210	22.65
N_GLY_228	22.656
N_ALA_168	22.675
N_THR_326	22.684
O_GLU_91	22.695
CA_GLY_228	22.695
O_PRO_129	22.72
C_GLN_212	22.72
N_ILE_260	22.736
CB_LEU_264	22.75
OG1_THR_285	22.784
CB_LEU_353	22.792
CD_GLN_192	22.797
O_GLN_140	22.806
CG2_ILE_213	22.815
C_LEU_353	22.823
CG_GLU_233	22.824
C_SER_298	22.836
CB_ALA_263	22.848
N_VAL_273	22.859
C_GLU_316	22.871
O_SER_298	22.874
OE1_GLU_233	22.893
CD_PRO_249	22.902
C_LYS_121	22.92
OD1_ASP_357	22.929
C_GLY_321	22.931
CA_ILE_213	22.932
O_GLU_252	22.934
O_ALA_195	22.938
CD1_PHE_216	22.947
CG_LEU_267	22.959
O_ALA_325	22.981
CA_ALA_92	22.992
CA_ASP_117	22.994
CZ_PHE_201	22.994
N_ILE_213	23.015
O_THR_323	23.018
CG2_VAL_273	23.024
CD_GLU_233	23.046
CG_TRP_127	23.047
C_GLU_252	23.067
C_PHE_303	23.067
CG2_VAL_318	23.067
C_LEU_257	23.072
CE_MET_94	23.074
CB_ASP_221	23.078
CA_ARG_199	23.085
N_GLY_304	23.093
CA_VAL_178	23.106
CD1_TRP_127	23.108
N_TYR_256	23.108
O_LEU_90	23.111
CA_ALA_195	23.112
CG1_VAL_153	23.114
CA_SER_209	23.117
OE1_GLU_316	23.118
O_LEU_257	23.123
O_PRO_249	23.137
C_PRO_322	23.151
CA_GLN_212	23.177
CD2_LEU_267	23.19
CA_PRO_354	23.19
CG_LEU_370	23.193
N_THR_323	23.204
CA_GLY_187	23.207
CZ_TYR_366	23.217
O_ILE_374	23.23
CA_GLU_316	23.248
O_ALA_373	23.251
CB_SER_209	23.259
O_GLY_321	23.29
N_GLU_286	23.3
N_LEU_261	23.313
C_ALA_195	23.317
CA_LEU_264	23.321
N_ILE_254	23.325
CB_ASP_117	23.329
CA_VAL_227	23.332
C_VAL_227	23.352
CE1_HIS_223	23.359
O_LYS_121	23.375
N_ILE_374	23.379
C_ALA_325	23.406
CA_GLY_321	23.415
N_LEU_264	23.427
CD1_LEU_353	23.435
CD2_LEU_141	23.45
OE2_GLU_233	23.455
NH1_ARG_381	23.464
CB_GLU_252	23.519
CB_VAL_231	23.521
CE1_PHE_201	23.528
O_ARG_199	23.538
NZ_LYS_290	23.548
O_SER_302	23.571
C_ILE_374	23.573
C_LYS_154	23.578
C_ALA_373	23.603
NE2_HIS_268	23.621
CB_LEU_370	23.631
C_GLU_91	23.641
CB_ALA_373	23.655
CD_GLU_316	23.676
CE2_PHE_201	23.704
C_PRO_249	23.729
NH2_ARG_381	23.731
OE2_GLU_125	23.763
CA_PRO_249	23.766
OE1_GLU_198	23.768
C_GLU_259	23.77
CB_ARG_222	23.777
CA_PHE_303	23.778
CZ_ARG_381	23.781
OE2_GLU_316	23.785
CB_ALA_92	23.787
O_GLU_316	23.802
CB_LEU_267	23.808
O_LEU_370	23.822
CG_GLN_288	23.826
O_THR_120	23.827
CG2_VAL_231	23.83
CE2_TYR_366	23.838
N_ALA_92	23.841
N_ASN_142	23.847
C_ALA_263	23.851
O_VAL_324	23.863
O_ASN_215	23.866
O_LEU_353	23.868
CD2_TRP_127	23.876
N_ARG_199	23.879
CE_MET_388	23.886
NE2_GLN_288	23.887
CB_VAL_178	23.889
CB_ILE_328	23.897
CE2_PHE_216	23.902
CA_LYS_121	23.906
CA_GLN_288	23.907
CG_ASP_357	23.908
N_VAL_178	23.91
OG_SER_302	23.917
C_ARG_199	23.932
N_ARG_299	23.933
CA_LEU_202	23.941
NE1_TRP_127	23.95
O_LYS_154	23.97
CG1_VAL_231	23.979
CA_ASP_221	23.983
CB_ALA_168	23.999
N_ARG_222	24.002
CE1_TYR_366	24.006
ND1_HIS_223	24.013
CD2_LEU_261	24.015
CA_ALA_168	24.017
C_LEU_272	24.038
NE2_HIS_223	24.044
OD1_ASN_142	24.053
N_MET_196	24.06
CA_LEU_261	24.072
O_VAL_227	24.084
C_VAL_318	24.092
CG1_VAL_205	24.096
CG_LEU_261	24.107
CA_ALA_263	24.126
O_ALA_263	24.127
CA_GLU_252	24.132
C_THR_323	24.14
O_GLU_259	24.147
O_PRO_322	24.148
O_GLU_198	24.169
CA_ILE_254	24.169
N_LEU_258	24.187
N_GLY_321	24.203
O_GLY_187	24.214
CG2_VAL_178	24.215
CG2_VAL_359	24.217
CG_PHE_216	24.227
CB_GLU_259	24.262
NE_ARG_381	24.27
OG_SER_209	24.273
CG_GLU_259	24.28
CG_GLN_192	24.29
CA_ASN_142	24.3
CA_LEU_370	24.302
CE3_TRP_127	24.306
C_ASP_117	24.312
CG2_VAL_153	24.315
CG_PRO_249	24.321
OD2_ASP_357	24.322
C_LEU_90	24.325
N_GLN_288	24.325
O_ARG_299	24.325
O_ALA_191	24.329
C_ILE_213	24.337
C_GLU_198	24.346
CD_GLN_288	24.358
C_GLY_187	24.366
N_VAL_250	24.372
CD_GLU_259	24.383
CE1_HIS_268	24.389
OE2_GLU_259	24.393
N_LYS_154	24.404
C_ALA_255	24.405
N_ALA_195	24.409
CE2_TRP_127	24.411
N_SER_209	24.414
CG2_ILE_328	24.421
CA_THR_323	24.424
CB_VAL_153	24.434
CB_GLU_198	24.439
SD_MET_388	24.44
C_SER_302	24.441
CB_GLN_288	24.45
CG_GLU_316	24.451
CA_ALA_373	24.463
CA_VAL_250	24.467
O_ILE_254	24.471
O_LEU_202	24.472
O_LEU_272	24.472
CB_GLU_316	24.476
CA_MET_196	24.496
O_VAL_250	24.498
CD2_HIS_268	24.498
O_PRO_177	24.507
C_LEU_370	24.508
C_PRO_177	24.514
CB_GLN_212	24.515
N_PHE_214	24.527
O_PRO_208	24.53
C_ILE_254	24.548
CD_PRO_143	24.552
O_VAL_217	24.556
CA_GLU_286	24.557
OE1_GLU_259	24.561
CG2_VAL_205	24.577
CA_LYS_154	24.58
CG1_VAL_359	24.58
CB_LEU_272	24.582
CB_LYS_121	24.589
CA_GLN_192	24.609
CD_ARG_381	24.613
C_PRO_354	24.622
N_PHE_303	24.624
O_ASP_117	24.638
C_LEU_202	24.641
CB_VAL_205	24.644
N_GLU_259	24.644
CB_LYS_154	24.648
CB_VAL_359	24.657
N_VAL_227	24.659
C_VAL_324	24.661
CA_GLU_259	24.663
CB_PHE_303	24.663
CD2_PHE_216	24.674
CB_ASP_357	24.691
O_VAL_318	24.694
O_GLN_192	24.695
OG1_THR_323	24.695
CA_GLU_91	24.697
C_ASP_221	24.697
CG_PRO_143	24.698
O_ALA_168	24.698
CA_ARG_222	24.713
N_ARG_319	24.718
OG1_THR_320	24.739
CD1_PHE_201	24.748
C_LEU_264	24.749
CG_MET_196	24.752
CG2_VAL_250	24.76
O_ALA_255	24.762
CD_GLU_198	24.767
N_LEU_202	24.794
CD1_LEU_360	24.801
N_ALA_263	24.814
N_ASP_375	24.841
C_THR_120	24.85
CD1_LEU_261	24.855
CB_PRO_249	24.862
CB_GLN_192	24.864
CG1_ILE_328	24.87
CB_PRO_177	24.873
CB_LEU_261	24.873
CA_ALA_325	24.881
CD2_LEU_360	24.886
O_PRO_354	24.896
CG_ASN_142	24.899
CD2_PHE_201	24.915
CA_LEU_272	24.93
N_LYS_121	24.955
C_ALA_191	24.965
C_ASN_142	24.977
N_ALA_255	24.989
C_VAL_250	24.992
CB_ALA_191	24.994
O_LEU_264	24.999
CD1_PHE_303	25.008
N_ASP_221	25.013
N_GLU_252	25.013
C_LEU_261	25.014
C_PRO_208	25.015
CA_PHE_216	25.019
C_ALA_168	25.042
CA_VAL_153	25.055
C_ARG_299	25.063
C_ASN_215	25.064
CA_LEU_90	25.065
N_PRO_143	25.065
O_PRO_89	25.072
O_MET_196	25.073
O_LEU_261	25.073
CD1_ILE_328	25.083
O_ASP_375	25.083
CG2_VAL_217	25.092
O_HIS_207	25.099
CD1_LEU_272	25.099
N_GLU_91	25.116
CG_LEU_360	25.118
CD2_LEU_392	25.121
CD2_LEU_90	25.132
N_ALA_325	25.132
N_SER_118	25.142
CA_VAL_324	25.149
N_GLN_192	25.151
CG_HIS_223	25.155
CB_PHE_216	25.156
CG1_ILE_254	25.162
CA_ARG_299	25.168
CD2_HIS_223	25.17
CB_SER_302	25.171
N_GLN_200	25.18
N_GLU_287	25.189
CG1_VAL_178	25.205
CD2_TYR_366	25.21
CA_GLU_198	25.211
CD2_LEU_272	25.213
N_VAL_324	25.223
CZ3_TRP_127	25.24
C_VAL_153	25.256
CE2_PHE_214	25.259
OE1_GLN_288	25.259
O_PRO_226	25.274
O_ILE_213	25.284
N_VAL_217	25.288
CB_THR_323	25.291
C_GLN_192	25.316
C_MET_196	25.322
CA_LEU_267	25.329
CB_GLU_286	25.334
CD2_PHE_214	25.336
CZ2_TRP_127	25.341
CD1_TYR_366	25.356
CB_ASN_142	25.365
CG_GLU_198	25.369
CB_VAL_250	25.371
CG_PHE_303	25.377
CG_LEU_272	25.378
OE2_GLU_198	25.391
CB_MET_196	25.394
CA_PRO_376	25.398
CA_PRO_177	25.401
C_THR_320	25.408
CG_PHE_201	25.425
O_HIS_219	25.431
CB_ILE_254	25.436
CA_LEU_258	25.452
C_LEU_258	25.455
C_ASP_375	25.455
C_GLU_286	25.477
CA_SER_302	25.479
CA_ALA_255	25.485
ND2_ASN_142	25.488
O_THR_220	25.489
CB_LEU_90	25.493
ND1_HIS_207	25.506
C_PRO_226	25.506
C_MET_194	25.508
N_ARG_371	25.545
N_ALA_373	25.549
C_GLU_287	25.551
N_ASN_215	25.554
N_ALA_203	25.558
CD2_LEU_369	25.563
O_ASN_142	25.564
O_MET_194	25.572
CG2_VAL_147	25.586
N_GLU_355	25.596
N_ASP_188	25.6
N_PRO_376	25.618
CZ_PHE_214	25.62
N_LEU_370	25.62
N_PHE_216	25.626
N_SER_302	25.644
ND1_HIS_268	25.654
SD_MET_196	25.662
C_THR_220	25.685
N_THR_320	25.687
CG_GLN_212	25.706
CG_HIS_268	25.716
CB_HIS_219	25.717
N_HIS_223	25.717
C_VAL_217	25.72
CH2_TRP_127	25.722
CG2_THR_323	25.722
NE2_GLN_212	25.727
CA_ALA_191	25.729
CB_ALA_325	25.733
N_SER_265	25.745
C_ARG_222	25.746
CB_PRO_376	25.761
CG_PHE_214	25.77
N_PRO_262	25.774
CG_PRO_376	25.777
CG1_VAL_250	25.778
N_GLU_198	25.789
C_ALA_251	25.822
O_ASP_225	25.824
CE1_PHE_303	25.83
CG_LYS_154	25.845
CA_ASP_375	25.845
N_LEU_267	25.848
CB_HIS_207	25.853
N_ILE_300	25.86
C_PHE_216	25.865
CA_ASP_357	25.866
CA_PRO_143	25.879
CA_PHE_214	25.892
CG_ARG_381	25.899
CD_PRO_358	25.91
CD1_LEU_90	25.911
O_VAL_205	25.914
O_ALA_251	25.914
O_ASP_221	25.923
CB_PRO_143	25.938
CB_GLU_91	25.949
CA_ARG_371	25.951
CG_LEU_90	25.955
CG_TYR_366	25.955
O_PRO_376	25.958
C_PHE_201	25.99
O_THR_320	25.991
CD_PRO_262	26.02
C_PRO_262	26.023
CB_PHE_214	26.03
CG_MET_388	26.043
CD1_LEU_392	26.047
OD2_ASP_145	26.049
CE1_PHE_214	26.06
C_LEU_267	26.062
O_ARG_371	26.068
N_ALA_251	26.075
CB_THR_320	26.077
CA_ASN_215	26.082
C_HIS_207	26.084
CB_ALA_255	26.084
CA_ILE_300	26.084
O_LEU_369	26.087
N_HIS_219	26.093
CA_GLU_287	26.093
CA_THR_320	26.114
CA_VAL_359	26.118
CA_VAL_205	26.123
CA_VAL_217	26.129
CA_ARG_319	26.129
CG_PRO_177	26.131
CE1_HIS_207	26.131
CD_PRO_376	26.134
CD_GLN_212	26.135
CD1_PHE_214	26.136
CG_PRO_358	26.142
CG1_VAL_147	26.143
OE1_GLU_91	26.144
C_PRO_89	26.147
CA_THR_120	26.158
CG_HIS_207	26.16
CB_ALA_385	26.161
CB_HIS_223	26.185
C_HIS_219	26.19
CD2_HIS_219	26.202
CA_GLN_200	26.205
N_HIS_268	26.243
N_LEU_90	26.255
O_VAL_153	26.26
N_VAL_359	26.282
C_PRO_376	26.29
O_LEU_258	26.293
O_ASP_188	26.298
N_ASN_301	26.305
N_LEU_169	26.333
N_LEU_272	26.339
CB_ARG_299	26.342
N_VAL_153	26.344
O_GLU_287	26.346
N_ALA_197	26.348
C_VAL_205	26.349
CB_VAL_217	26.363
N_THR_120	26.364
CG_LEU_392	26.365
C_ARG_371	26.37
CB_THR_120	26.383
C_LEU_369	26.387
C_PHE_214	26.403
CA_PRO_208	26.414
CA_HIS_219	26.423
CB_VAL_147	26.429
CG_HIS_219	26.431
C_ARG_319	26.453
CA_ALA_203	26.462
O_PHE_201	26.463
CA_SER_118	26.473
CG2_ILE_254	26.476
N_PHE_201	26.486
O_GLU_286	26.487
CD1_ILE_254	26.489
C_ARG_372	26.503
C_GLN_200	26.504
O_GLU_152	26.53
N_LEU_360	26.532
CD2_TYR_266	26.538
O_TYR_366	26.541
CA_GLU_218	26.553
CG1_ILE_300	26.559
CD2_PHE_303	26.561
O_ARG_372	26.562
CB_TYR_151	26.578
C_ASN_301	26.583
O_LEU_267	26.585
CB_LEU_360	26.587
NH1_ARG_371	26.592
CB_VAL_324	26.594
CA_HIS_207	26.604
O_GLU_355	26.604
N_HIS_207	26.625
CB_LEU_258	26.641
O_ARG_222	26.649
N_ALA_193	26.664
CB_ARG_381	26.664
CA_PRO_262	26.675
C_ILE_300	26.681
O_PRO_262	26.697
N_PRO_358	26.697
N_PRO_177	26.713
C_ASP_357	26.714
CB_GLU_287	26.715
N_GLU_218	26.719
C_ALA_197	26.732
N_VAL_205	26.733
CA_ALA_251	26.738
CG_TYR_151	26.744
CG_ARG_299	26.744
CB_ARG_319	26.749
CA_HIS_223	26.751
CG_ARG_371	26.756
CD_GLU_91	26.762
CB_ASN_215	26.763
CB_ASP_225	26.766
C_VAL_359	26.771
CB_PHE_201	26.775
N_PRO_208	26.775
C_ASP_225	26.781
C_GLU_218	26.786
CG1_VAL_324	26.795
N_ASP_357	26.796
CA_ASN_301	26.8
CA_THR_220	26.805
CA_MET_194	26.806
O_GLN_200	26.809
CA_PHE_201	26.814
CE2_TYR_266	26.826
CA_ASP_188	26.843
NH2_ARG_371	26.844
CA_PRO_226	26.856
CD1_TYR_151	26.857
CG2_THR_320	26.862
CB_MET_194	26.879
CB_PRO_378	26.881
CB_MET_388	26.891
N_THR_220	26.898
OE1_GLN_212	26.928
C_GLU_152	26.949
CD2_TYR_151	26.957
CZ_PHE_303	26.968
CZ_ARG_371	26.986
CD_PRO_177	26.997
N_GLU_119	26.998
CG2_VAL_324	26.998
CA_GLU_355	27.001
CG_ASP_145	27.017
N_MET_194	27.018
CE_MET_196	27.019
CG_LEU_369	27.02
CA_HIS_268	27.028
N_ALA_191	27.036
CA_ALA_385	27.036
CG_GLU_91	27.041
CB_ASP_145	27.041
CB_SER_118	27.045
O_GLY_271	27.045
CB_HIS_268	27.05
CG_LEU_258	27.071
O_GLY_367	27.072
N_ARG_372	27.084
C_ASP_188	27.085
O_PHE_216	27.089
OD2_ASP_225	27.107
CB_ILE_300	27.107
NE2_HIS_207	27.127
CB_ARG_371	27.137
C_TYR_266	27.146
CA_SER_265	27.154
CD2_HIS_207	27.162
N_VAL_206	27.164
CE1_TYR_151	27.167
CA_LEU_360	27.193
CG1_VAL_217	27.199
O_ALA_197	27.205
N_TYR_266	27.21
CD_LYS_154	27.213
CD2_PHE_382	27.227
CB_ASP_375	27.232
CA_PRO_378	27.236
NE2_HIS_219	27.24
C_GLY_271	27.256
CE2_TYR_151	27.264
C_GLU_355	27.272
OE2_GLU_91	27.274
O_ARG_176	27.28
C_ALA_193	27.284
C_PRO_143	27.292
CB_ALA_203	27.292
CA_ALA_197	27.303
O_ASN_301	27.314
C_TYR_366	27.317
CE2_PHE_303	27.322
NH1_ARG_299	27.351
N_PRO_226	27.355
CE2_PHE_382	27.356
O_ALA_193	27.359
CA_GLY_367	27.379
CZ_TYR_151	27.383
CD_PRO_378	27.383
CA_LEU_169	27.385
CB_TYR_266	27.394
CB_PRO_262	27.401
CG_PRO_262	27.404
C_ALA_203	27.423
O_ARG_319	27.431
C_SER_118	27.439
N_ASP_377	27.445
NH2_ARG_176	27.449
CA_ASP_225	27.45
CB_TYR_366	27.456
CA_PRO_89	27.46
CG_PRO_378	27.463
CG_GLU_287	27.465
CG_MET_194	27.467
CD2_LEU_169	27.469
CB_PRO_358	27.493
C_PRO_358	27.504
CB_PRO_208	27.509
C_ARG_176	27.51
CB_LEU_392	27.511
O_ASP_357	27.518
CB_GLN_200	27.521
O_ILE_300	27.531
N_PRO_378	27.531
C_VAL_206	27.557
CA_ALA_193	27.565
CG_ASP_225	27.579
N_ASP_225	27.58
CB_GLU_218	27.588
CG_TYR_266	27.588
O_VAL_359	27.59
C_SER_265	27.593
C_GLU_119	27.596
CD1_ILE_270	27.598
ND1_HIS_219	27.606
NE_ARG_371	27.607
O_PHE_214	27.616
CB_LEU_369	27.617
CA_ARG_372	27.617
NE_ARG_176	27.621
CA_VAL_206	27.631
O_GLU_218	27.639
CA_PRO_358	27.647
CA_TYR_266	27.669
CD1_ILE_300	27.669
CE_LYS_154	27.677
N_GLU_204	27.692
CD2_LEU_258	27.712
CG2_ILE_300	27.73
CA_LEU_369	27.736
N_GLY_224	27.744
N_GLY_367	27.751
CB_GLU_119	27.77
OH_TYR_151	27.774
N_ALA_385	27.782
OD1_ASP_188	27.79
OG_SER_389	27.795
O_TYR_151	27.796
C_GLY_367	27.796
N_GLY_144	27.809
O_ASP_145	27.827
CA_GLU_119	27.828
C_HIS_223	27.849
CB_PRO_89	27.853
CG_ARG_176	27.858
CD1_LEU_369	27.886
O_ALA_385	27.886
C_ASP_356	27.899
O_PRO_143	27.901
C_TYR_151	27.906
CA_TYR_151	27.922
CD_ARG_371	27.926
CB_GLU_355	27.938
CA_VAL_147	27.947
O_ALA_203	27.956
CZ_ARG_176	27.958
O_GLU_190	27.963
O_ASP_88	27.964
C_ASP_377	27.965
O_TYR_266	27.966
CB_ALA_251	27.969
CG_ASN_215	27.975
CA_ARG_381	27.98
CA_TYR_366	27.99
CB_PRO_226	27.991
CD_ARG_299	27.991
CG_LEU_169	27.995
OG_SER_265	28.009
CE1_HIS_219	28.016
CD_PRO_208	28.021
C_GLU_190	28.026
CZ_ARG_299	28.032
OD1_ASP_145	28.035
CG1_ILE_270	28.048
O_ALA_189	28.053
C_GLU_204	28.063
CB_ASP_188	28.064
CG_PRO_208	28.068
C_ALA_385	28.077
OE1_GLN_200	28.088
CD2_TYR_363	28.09
CD1_LEU_258	28.091
CE2_TYR_363	28.091
O_ASP_377	28.101
C_LEU_169	28.102
CB_SER_265	28.123
O_PHE_382	28.145
NH2_ARG_319	28.147
CB_THR_220	28.153
CZ_TYR_266	28.153
N_GLU_152	28.155
NE_ARG_319	28.162
CG_ARG_319	28.177
N_ASP_145	28.189
N_ALA_189	28.216
CD_ARG_176	28.237
O_ASP_356	28.24
ND2_ASN_301	28.244
N_ASP_170	28.252
N_PHE_382	28.271
CA_ASP_145	28.274
CD_GLN_200	28.283
CA_GLU_152	28.285
O_SER_265	28.289
N_ASP_356	28.29
CB_ASN_301	28.302
CB_PHE_382	28.305
CD_GLU_287	28.306
O_PRO_378	28.312
OE1_GLU_287	28.313
CA_MET_388	28.319
CG_PHE_382	28.325
NE_ARG_299	28.329
OD1_ASN_215	28.33
CA_ASP_377	28.352
NE2_GLN_200	28.356
CG_ASP_375	28.361
N_VAL_147	28.364
O_VAL_206	28.38
CB_ALA_197	28.391
C_MET_388	28.4
O_MET_388	28.42
CB_LEU_169	28.422
OD2_ASP_375	28.422
CG_ASP_188	28.425
N_LEU_369	28.44
C_PRO_378	28.444
C_ASP_145	28.45
C_HIS_268	28.454
O_LEU_169	28.462
NH2_ARG_299	28.492
N_SER_389	28.52
OH_TYR_266	28.529
O_PRO_358	28.541
OG1_THR_220	28.544
C_THR_384	28.562
O_ARG_368	28.566
CD_PRO_226	28.567
CZ_PHE_382	28.568
O_GLU_119	28.584
O_SER_118	28.59
C_ALA_189	28.591
CB_ASP_170	28.595
CG_GLN_200	28.601
CZ_ARG_319	28.622
CA_GLU_204	28.632
CB_ARG_372	28.639
CA_ALA_189	28.645
CG_ASN_301	28.649
ND2_ASN_215	28.656
CG_PRO_226	28.658
N_PRO_89	28.662
CA_GLY_271	28.671
O_THR_384	28.69
C_LEU_360	28.695
C_GLY_224	28.716
C_ARG_381	28.739
CD_ARG_319	28.75
OD2_ASP_170	28.756
OD1_ASP_225	28.758
OD2_ASP_88	28.785
CA_SER_389	28.79
C_ASP_88	28.796
CA_LEU_392	28.809
CA_ARG_176	28.819
CA_GLY_224	28.819
C_ARG_368	28.827
O_HIS_223	28.832
N_ARG_381	28.837
C_VAL_147	28.84
CB_ARG_176	28.84
CG_PRO_89	28.848
CA_ASP_356	28.86
CD1_TYR_266	28.878
O_GLU_204	28.879
NH1_ARG_176	28.885
OD1_ASP_88	28.899
CA_ASP_170	28.968
CA_PHE_382	28.978
O_VAL_147	28.995
N_ARG_368	28.997
CB_SER_389	29.002
CB_ALA_193	29.006
N_TYR_151	29.02
N_GLY_271	29.024
OE2_GLU_287	29.048
O_HIS_268	29.049
N_SER_269	29.051
CD1_LEU_396	29.059
NZ_LYS_154	29.085
C_PHE_382	29.085
CB_VAL_206	29.089
CG_ASP_88	29.098
CG_TYR_363	29.123
CZ_TYR_363	29.128
CA_GLY_144	29.151
CE1_TYR_266	29.155
CG1_VAL_395	29.165
N_LYS_361	29.167
N_GLU_190	29.198
OH_TYR_363	29.202
C_ILE_146	29.207
CD1_LEU_169	29.207
CG_ARG_372	29.211
CG_ASP_170	29.216
CG2_VAL_206	29.221
CB_TYR_363	29.228
OD1_ASP_375	29.23
CG2_THR_220	29.242
O_ILE_270	29.242
N_MET_388	29.25
N_GLU_386	29.259
C_GLY_144	29.26
SD_MET_194	29.286
C_ILE_270	29.301
CB_GLU_204	29.315
O_TYR_363	29.324
CG1_VAL_399	29.339
CA_GLU_190	29.342
N_ILE_146	29.35
CB_GLU_152	29.366
OD1_ASN_301	29.396
OD2_ASP_188	29.405
N_TYR_366	29.436
O_LEU_392	29.446
CA_THR_384	29.455
O_LEU_360	29.462
CG2_VAL_399	29.474
CD1_PHE_382	29.51
N_ALA_148	29.515
CB_ILE_270	29.539
C_LEU_392	29.588
CA_ARG_368	29.599
NH1_ARG_319	29.604
N_ILE_270	29.619
CB_ASP_356	29.626
CE1_PHE_382	29.628
CD_PRO_89	29.629
CA_ILE_146	29.653
O_GLY_175	29.656
N_LEU_392	29.662
N_ARG_379	29.669
O_ILE_146	29.672
CG1_VAL_206	29.693
O_GLY_224	29.694
CE_MET_194	29.732
CB_ALA_148	29.776
O_ARG_381	29.778
CD2_LEU_396	29.789
CB_ASP_377	29.817
O_THR_383	29.819
CB_VAL_395	29.859
O_SER_365	29.86
CA_ILE_270	29.865
CB_ASP_88	29.88
N_ARG_176	29.896
C_GLN_380	29.906
CG_GLU_152	29.929
N_THR_384	29.95
CG2_ILE_87	30.021
CG_LEU_396	30.041
CB_ALA_189	30.06
C_THR_383	30.064
CB_LEU_396	30.089
C_SER_389	30.098
CB_VAL_399	30.103
C_GLN_150	30.107
CA_ASP_88	30.112
CD1_TYR_363	30.116
CE1_TYR_363	30.134
N_TYR_363	30.185
O_SER_389	30.195
C_GLY_175	30.216
OD1_ASP_170	30.221
C_SER_365	30.238
CB_GLU_190	30.241
CG2_VAL_395	30.248
O_GLN_380	30.263
OD2_ASP_403	30.273
CB_THR_362	30.281
OG1_THR_362	30.282
N_THR_383	30.288
CA_TYR_363	30.305
O_GLN_150	30.308
C_TYR_363	30.335
O_GLY_144	30.364
CA_GLU_386	30.38
CA_SER_269	30.432
C_ASP_170	30.462
CA_ALA_148	30.47
N_THR_393	30.472
CA_LEU_396	30.484
N_THR_362	30.491
N_GLN_380	30.491
CD_ARG_372	30.498
CD_GLU_152	30.525
CG2_ILE_270	30.533
N_LEU_396	30.547
OD1_ASP_377	30.548
CG_GLU_204	30.551
C_GLU_387	30.552
CB_GLN_380	30.588
OG_SER_269	30.597
CA_LYS_361	30.597
OE2_GLU_152	30.613
C_SER_269	30.643
CA_THR_383	30.656
CB_THR_384	30.662
CB_AGLN_150	30.696
CA_GLN_380	30.758
C_GLN_391	30.784
CD_BGLN_150	30.792
N_ASP_88	30.851
O_ASP_364	30.858
CG_ASP_377	30.874
CG_BGLN_150	30.882
CB_LYS_361	30.886
CB_BGLN_150	30.905
CA_ARG_379	30.912
C_GLU_386	30.923
CB_SER_269	30.936
C_VAL_395	30.955
CG2_THR_362	30.978
N_GLU_387	30.996
OE1_GLU_152	31.001
O_GLU_387	31.02
NE_ARG_372	31.026
CA_THR_362	31.04
O_ASP_170	31.055
CB_ARG_368	31.061
CB_GLN_391	31.112
N_ARG_171	31.133
CA_AGLN_150	31.135
N_ALA_390	31.143
CA_VAL_395	31.144
C_ARG_379	31.156
CB_ILE_146	31.162
CA_BGLN_150	31.174
OE1_GLU_204	31.178
OD1_ASP_403	31.203
C_THR_362	31.205
O_GLN_391	31.206
C_LYS_361	31.217
CG_ASP_403	31.257
O_VAL_395	31.287
CB_VAL_173	31.303
CD_AGLN_150	31.305
OG1_THR_384	31.31
O_GLU_386	31.331
CA_THR_393	31.369
CG2_THR_393	31.371
CD_GLU_204	31.39
CG1_VAL_173	31.405
CG2_VAL_173	31.41
CA_GLY_175	31.41
N_GLN_150	31.437
CG_GLU_386	31.449
C_ASP_364	31.47
O_VAL_173	31.49
C_ALA_148	31.509
CA_GLU_387	31.524
CG1_ILE_146	31.529
CB_ILE_87	31.531
CB_GLU_386	31.538
N_ASP_364	31.551
C_ILE_87	31.56
CA_VAL_399	31.588
CA_GLN_391	31.618
CG2_ILE_146	31.628
N_GLN_391	31.669
CG2_THR_384	31.699
CA_SER_365	31.72
O_ILE_87	31.724
CG_GLN_380	31.751
O_SER_269	31.77
CB_GLU_387	31.791
CG_AGLN_150	31.815
CZ_ARG_372	31.819
CA_ASP_364	31.82
N_VAL_395	31.84
C_LEU_396	31.848
O_ALA_148	31.92
N_SER_365	31.923
N_GLY_149	31.93
O_LEU_396	31.937
CG_ARG_368	31.99
O_ARG_379	32.034
CG2_VAL_400	32.045
OD2_ASP_377	32.059
CG_ARG_379	32.114
CB_ARG_379	32.12
OG_SER_365	32.15
CG_GLN_391	32.15
CB_THR_383	32.182
CB_THR_393	32.185
C_VAL_399	32.201
NH1_ARG_372	32.22
N_GLY_175	32.242
CA_ILE_87	32.26
NH2_ARG_372	32.29
OE2_GLU_387	32.292
O_THR_362	32.3
C_THR_393	32.302
CG1_ILE_87	32.305
OE2_GLU_204	32.305
O_LYS_361	32.366
C_ALA_390	32.371
N_VAL_399	32.412
CA_ALA_390	32.433
CA_VAL_173	32.452
C_VAL_173	32.454
N_VAL_400	32.498
O_VAL_399	32.513
CD1_ILE_146	32.572
CD1_ILE_87	32.58
O_THR_393	32.58
N_VAL_173	32.585
CA_ARG_171	32.586
CB_SER_365	32.586
CG_GLU_387	32.605
CB_ASP_403	32.623
CG2_THR_383	32.672
C_GLY_149	32.69
OG1_THR_383	32.717
N_GLY_394	32.775
CG_ARG_171	32.779
CD_GLU_386	32.805
N_ASN_172	32.877
CA_GLY_149	32.96
N_ARG_397	32.964
O_ALA_390	32.967
OE2_GLU_386	32.989
CD_GLU_387	32.989
CD_GLN_380	33.017
C_ASN_174	33.023
OD2_ASP_364	33.035
C_GLY_394	33.075
OG1_THR_393	33.084
O_ASN_174	33.119
CB_ARG_171	33.146
OE1_GLN_380	33.164
CA_VAL_400	33.219
NE_ARG_379	33.246
CD_ARG_379	33.252
CB_ASP_364	33.287
CD_ARG_171	33.358
CB_VAL_400	33.379
C_ARG_171	33.387
CB_ASN_172	33.402
CD_GLN_391	33.442
CD_ARG_368	33.459
CB_ALA_390	33.472
OE1_GLN_391	33.481
NE2_GLN_402	33.518
NE_ARG_171	33.572
N_ASN_174	33.584
N_ILE_87	33.591
C_ASN_172	33.597
OD1_ASN_172	33.632
O_GLY_149	33.636
CA_ASN_172	33.688
C_GLU_398	33.696
CA_GLY_394	33.698
CG_ASP_364	33.701
O_GLY_394	33.707
OE1_GLU_386	33.731
CA_ASP_403	33.77
NE_ARG_368	33.9
CA_ASN_174	33.942
NE2_GLN_380	33.96
OE1_GLU_387	34.005
CG_ASN_172	34.098
N_GLU_398	34.161
N_ASP_403	34.174
CB_ASN_174	34.176
CZ_ARG_171	34.184
OE1_GLU_398	34.218
NH2_ARG_379	34.237
CB_GLU_398	34.252
CZ_ARG_379	34.257
CD_GLN_402	34.264
OE1_GLN_402	34.279
CA_ARG_397	34.281
O_GLU_398	34.31
CG1_VAL_400	34.394
O_ASN_172	34.423
NH2_ARG_171	34.428
CA_GLU_398	34.447
CZ_ARG_368	34.452
O_ARG_171	34.5
C_ARG_397	34.537
CB_GLN_402	34.552
NE2_GLN_391	34.574
C_VAL_400	34.578
NH1_ARG_171	34.617
NH1_ARG_368	34.624
OD1_ASP_364	34.665
C_ASP_86	34.713
O_ASP_86	34.779
NH2_ARG_368	34.9
O_ASP_403	34.916
O_VAL_400	34.942
C_ASP_403	34.973
C_GLN_402	35.038
O_ARG_397	35.085
CD_GLU_398	35.147
CG_GLN_402	35.151
CG_GLU_398	35.282
ND2_ASN_172	35.299
NH1_ARG_379	35.329
N_ALA_401	35.342
CB_ARG_397	35.352
CA_GLN_402	35.426
N_GLN_402	35.523
O_GLN_402	35.592
O_PRO_85	35.952
CG_PRO_85	35.953
CA_ASP_86	35.996
OE2_GLU_398	36.015
N_THR_404	36.115
CB_PRO_85	36.413
C_ALA_401	36.515
C_PRO_85	36.576
CA_ALA_401	36.63
N_ASP_86	36.655
CG_ARG_397	36.797
CB_ASP_86	36.946
CD_PRO_85	37.078
CA_PRO_85	37.316
O_ALA_401	37.338
CB_ALA_401	37.352
CA_THR_404	37.37
NE_ARG_397	37.524
CG2_THR_404	37.58
CD_ARG_397	37.806
N_PRO_85	37.885
NH2_ARG_397	38.097
OD1_ASP_86	38.101
C_THR_404	38.106
CG_ASP_86	38.141
CB_THR_404	38.277
CZ_ARG_397	38.38
OG1_THR_404	38.887
O_THR_404	39.088
C_ALA_84	39.091
OD2_ASP_86	39.138
NH1_ARG_397	39.572
CB_ALA_84	39.586
O_ALA_84	39.692
CA_ALA_84	39.798
NH1_ARG_83	40.605
N_ALA_84	41.238
O_ARG_83	41.334
CZ_ARG_83	41.749
NH2_ARG_83	41.78
C_ARG_83	41.873
NE_ARG_83	42.886
CD_ARG_83	43.031
CG_ARG_83	43.146
CA_ARG_83	43.379
CB_ARG_83	43.709
N_ARG_83	44.139
OE1AGLN_A_38.552	84.038
OE1BGLN_A_39.187	84.047
NE2BGLN_A_38.886	84.11
NE2AGLN_A_39.105	84.449
